Sentence_id,Sentence,Positive,Negative,Mixed,Neutral,Correct,Sentence_type
0,"She was looking forward to going to the restaurant, but was worried about the cost",0.0,0.0,1.0,0.0,Mixed,Explicit_vs_Appraisal
1,"That shirt looks great on you, I love how big it makes your stomach look. ",0.132075472,0.41509434,0.452830189,0.0,Negative,Sarcasm
2,"That was an amazing restaurant meal, I've never had to ask for the meat to be re-cooked before!",0.264150943,0.490566038,0.226415094,0.018867925,Negative,Sarcasm
3,I can't believe that Kobe led the Lakers to win the finals over the Celtics. ,0.396226415,0.056603774,0.226415094,0.320754717,Positive,Perspective
4,"They were excited to start fresh in a new city, but sad to leave their family behind.",0.0,0.0,1.0,0.0,Mixed,Sarcasm
5,I was excited about going to the theme park but my friend wasn't looking forward to it,0.0,0.0,1.0,0.0,Mixed,Two_opinion_holders
6,Can we all hope that they will manage to find happiness during these sad times.,0.320754717,0.075471698,0.490566038,0.113207547,Mixed,Supplications_and_Requests
7,He was pleased she dumped her boyfriend for his friend. ,0.566037736,0.20754717,0.20754717,0.018867925,Positive,Explicit_vs_Appraisal
8,It must be tough fighting the women off everywhere you go.,0.358490566,0.396226415,0.188679245,0.056603774,Positive,Sarcasm
9,My sister was excited for the Taylor Swift concert but stressed about the price of tickets.,0.0,0.0,1.0,0.0,Mixed,Sarcasm
10,"They were thrilled to find an affordable apartment, but sad that it’s far from their friends.",0.0,0.0,1.0,0.0,Mixed,Explicit_vs_Appraisal
11,"The couple were delighted to have found a new babysitter, but so sad that their old one had moved away.",0.0,0.0,1.0,0.0,Mixed,Explicit_vs_Appraisal
12,"Max enjoyed his trip to Greece, but Cait didn't have a good time.",0.0,0.0,1.0,0.0,Mixed,Two_opinion_holders
13,Let us not forget how hard we had to work to get to where we are now,0.433962264,0.037735849,0.339622642,0.188679245,Negative,Supplications_and_Requests
14,Spending time with my friends is absolutely wonderful.,1.0,0.0,0.0,0.0,Positive,Explicit
15,There are 12 months in a year,0.0,0.0,0.0,1.0,Neutral,Explicit
16,"Kristen was so excited that Christmas was around the corner, but is already dreading the Black Friday chaos. ",0.0,0.0,1.0,0.0,Mixed,Explicit_vs_Appraisal
17,"Oh you poor thing, you always get attention and never have to buy a drink. ",0.226415094,0.377358491,0.264150943,0.132075472,Positive,Sarcasm
18,What a horrible man that was who gave the speech .,0.0,1.0,0.0,0.0,Negative,Explicit
19,How dare you admire my husband's hard work and accomplishments with a raise.,0.320754717,0.20754717,0.358490566,0.113207547,Positive,Sarcasm
20,The book you recommended was absolutely fantastic,1.0,0.0,0.0,0.0,Positive,Explicit
21,We need to create more employment opportunities for this deteriorating econmy.,0.283018868,0.226415094,0.320754717,0.169811321,Positive,Supplications_and_Requests
22,May we all strive to work to the best of our ability through this ecomonic downturn. ,0.396226415,0.037735849,0.452830189,0.113207547,Positive,Supplications_and_Requests
23,I really enjoy going climbing and have great fun while I'm doing it,0.981132075,0.0,0.0,0.018867925,Positive,Explicit
24,"Oh no, another sunny day at the beach with nothing to do!",0.433962264,0.188679245,0.264150943,0.113207547,Positive,Sarcasm
25,I'm so glad that they took Harry off the work project and let me carry it out instead.,0.603773585,0.132075472,0.20754717,0.056603774,Positive,Explicit_vs_Appraisal
26,"I found a higher paying job, but the hours are longer",0.0,0.0,1.0,0.0,Mixed,Explicit_vs_Appraisal
27,I can't decide whether I want to go to Spain or Portugal for my holiday... what a terrible situation to be in.,0.396226415,0.20754717,0.301886792,0.094339623,Positive,Sarcasm
28,May God allow people to thrive after the damage they have done to their faith.,0.188679245,0.132075472,0.566037736,0.113207547,Positive,Supplications_and_Requests
29,"I hate mushrooms, but my husband loves them",0.0,0.0,1.0,0.0,Mixed,Explicit
